Restaurant_ID,Restaurant_latitude,Restaurant_longitude,City_Name,Driver_ID,Delivery_person_Age,Delivery_person_Ratings,Delivery_person_ID
1,13.005801,80.250744,Chennai,3,20,4.8,CHENRES01DEL03
1,15.576683,73.75575,Goa,2,21,4.6,GOARES01DEL02
1,13.005801,80.250744,Chennai,1,21,4.3,CHENRES01DEL01
1,30.873988,75.842739,Ludhiana,1,22,4.6,LUDHRES01DEL01
1,26.90519,75.810753,Jaipur,2,22,4.7,JAPRES01DEL02
1,12.933284,77.615428,Bangalore,2,22,4.8,BANGRES01DEL02
1,25.454648,81.834502,Prayagraj,1,23,4.7,ALHRES01DEL01
1,23.416792,85.316842,Ranchi,3,23,4.8,RANCHIRES01DEL03
1,9.979363,76.285001,Kochi,1,23,4.6,KOCRES01DEL01
1,26.483672,80.320708,Kanpur,2,24,4.9,KNPRES01DEL02
1,19.12663,72.829976,Mumbai,2,24,4.6,MUMRES01DEL02
1,22.307898,73.167788,Vadodra,3,24,4.5,VADRES01DEL03
1,18.569156,73.774723,Pune,1,24,5,PUNERES01DEL01
1,22.695207,75.866059,Indore,3,25,4.7,INDORES01DEL03
1,26.483672,80.320708,Kanpur,1,26,4.8,KNPRES01DEL01
1,19.876219,75.346017,Aurangabad,2,26,4.8,AURGRES01DEL02
1,21.186438,72.794115,Surat,1,26,5,SURRES01DEL01
1,30.873988,75.842739,Ludhiana,2,26,4.7,LUDHRES01DEL02
1,22.514688,88.393294,Kolkata,2,26,4.9,KOLRES01DEL02
1,18.569156,73.774723,Pune,2,26,5,PUNERES01DEL02
1,13.005801,80.250744,Chennai,2,26,4,CHENRES01DEL02
1,17.410371,78.437225,Hyderabad,2,26,4.5,HYDRES01DEL02
1,26.90519,75.810753,Jaipur,1,27,4.2,JAPRES01DEL01
1,12.933284,77.615428,Bangalore,3,27,5,BANGRES01DEL03
1,19.12663,72.829976,Mumbai,1,27,4.7,MUMRES01DEL01
1,30.873988,75.842739,Ludhiana,3,28,3.7,LUDHRES01DEL03
1,22.695207,75.866059,Indore,1,28,5,INDORES01DEL01
1,11.016298,76.972076,Coimbatore,2,28,4.8,COIMBRES01DEL02
1,21.186438,72.794115,Surat,2,28,5,SURRES01DEL02
1,11.016298,76.972076,Coimbatore,3,29,4.8,COIMBRES01DEL03
1,12.311072,76.654878,Mysore,3,29,4.9,MYSRES01DEL03
1,17.410371,78.437225,Hyderabad,1,29,4.5,HYDRES01DEL01
1,21.186438,72.794115,Surat,3,30,4.8,SURRES01DEL03
1,9.979363,76.285001,Kochi,2,30,4.9,KOCRES01DEL02
1,22.695207,75.866059,Indore,2,30,4.8,INDORES01DEL02
1,15.576683,73.75575,Goa,1,31,4.6,GOARES01DEL01
1,19.12663,72.829976,Mumbai,3,31,4.8,MUMRES01DEL03
1,12.311072,76.654878,Mysore,2,31,4.9,MYSRES01DEL02
1,23.211529,77.419399,Bhopal,2,32,4.8,BHPRES01DEL02
1,22.307898,73.167788,Vadodra,1,32,4.7,VADRES01DEL01
1,27.161661,78.011544,Agra,1,32,3.6,AGRRES01DEL01
1,23.211529,77.419399,Bhopal,3,33,5,BHPRES01DEL03
1,17.410371,78.437225,Hyderabad,3,33,4.6,HYDRES01DEL03
1,22.307898,73.167788,Vadodra,2,33,4.7,VADRES01DEL02
1,26.483672,80.320708,Kanpur,3,34,4.8,KNPRES01DEL03
1,23.211529,77.419399,Bhopal,1,34,3.6,BHPRES01DEL01
1,23.416792,85.316842,Ranchi,1,34,4.8,RANCHIRES01DEL01
1,12.933284,77.615428,Bangalore,1,34,4.4,BANGRES01DEL01
1,27.161661,78.011544,Agra,3,34,4.9,AGRRES01DEL03
1,27.161661,78.011544,Agra,2,35,4.8,AGRRES01DEL02
1,9.979363,76.285001,Kochi,3,35,5,KOCRES01DEL03
1,25.454648,81.834502,Prayagraj,2,36,4.8,ALHRES01DEL02
1,19.876219,75.346017,Aurangabad,3,36,4.7,AURGRES01DEL03
1,18.569156,73.774723,Pune,3,37,4.2,PUNERES01DEL03
1,15.576683,73.75575,Goa,3,38,4.8,GOARES01DEL03
1,11.016298,76.972076,Coimbatore,1,38,3.8,COIMBRES01DEL01
1,22.514688,88.393294,Kolkata,3,38,4.8,KOLRES01DEL03
1,19.876219,75.346017,Aurangabad,1,39,4.8,AURGRES01DEL01
1,26.90519,75.810753,Jaipur,3,39,4.5,JAPRES01DEL03
1,25.454648,81.834502,Prayagraj,3,39,4.7,ALHRES01DEL03
2,13.086438,80.220672,Chennai,2,15,1,CHENRES02DEL02
2,12.970221,77.645396,Bangalore,3,20,4.8,BANGRES02DEL03
2,15.585658,73.743606,Goa,2,20,5,GOARES02DEL02
2,22.514585,88.39331,Kolkata,2,20,NaN ,KOLRES02DEL02
2,12.970221,77.645396,Bangalore,1,20,4.6,BANGRES02DEL01
2,12.304569,76.643622,Mysore,3,20,4.9,MYSRES02DEL03
2,22.514585,88.39331,Kolkata,3,20,5,KOLRES02DEL03
2,11.022477,76.995667,Coimbatore,2,20,4.5,COIMBRES02DEL02
2,21.186608,72.794136,Surat,3,20,4.9,SURRES02DEL03
2,10.028047,76.310019,Kochi,1,21,4.5,KOCRES02DEL01
2,17.41233,78.449654,Hyderabad,2,21,4.6,HYDRES02DEL02
2,25.453436,81.833167,Prayagraj,3,22,4.9,ALHRES02DEL03
2,11.022477,76.995667,Coimbatore,3,22,4.6,COIMBRES02DEL03
2,26.914142,75.805704,Jaipur,2,22,4.7,JAPRES02DEL02
2,11.022477,76.995667,Coimbatore,1,22,4.7,COIMBRES02DEL01
2,26.471617,80.313564,Kanpur,2,24,4.6,KNPRES02DEL02
2,19.221315,72.862381,Mumbai,3,24,4.7,MUMRES02DEL03
2,22.651847,75.881991,Indore,3,24,4.7,INDORES02DEL03
2,10.028047,76.310019,Kochi,2,24,4.7,KOCRES02DEL02
2,17.41233,78.449654,Hyderabad,3,24,4.6,HYDRES02DEL03
2,26.914142,75.805704,Jaipur,1,25,4.7,JAPRES02DEL01
2,22.651847,75.881991,Indore,1,25,4.7,INDORES02DEL01
2,22.651847,75.881991,Indore,2,25,4,INDORES02DEL02
2,26.471617,80.313564,Kanpur,3,26,4.6,KNPRES02DEL03
2,17.41233,78.449654,Hyderabad,1,27,5,HYDRES02DEL01
2,25.453436,81.833167,Prayagraj,1,27,4.1,ALHRES02DEL01
2,19.221315,72.862381,Mumbai,2,28,4.5,MUMRES02DEL02
2,19.221315,72.862381,Mumbai,1,28,4.7,MUMRES02DEL01
2,21.186608,72.794136,Surat,2,29,4.6,SURRES02DEL02
2,15.585658,73.743606,Goa,3,30,4.8,GOARES02DEL03
2,25.453436,81.833167,Prayagraj,2,32,4.6,ALHRES02DEL02
2,21.186608,72.794136,Surat,1,32,4,SURRES02DEL01
2,22.514585,88.39331,Kolkata,1,34,4.9,KOLRES02DEL01
2,26.914142,75.805704,Jaipur,3,34,3.8,JAPRES02DEL03
2,26.471617,80.313564,Kanpur,1,35,4.9,KNPRES02DEL01
2,13.086438,80.220672,Chennai,3,36,4,CHENRES02DEL03
2,12.304569,76.643622,Mysore,2,36,4.5,MYSRES02DEL02
2,12.304569,76.643622,Mysore,1,37,4.7,MYSRES02DEL01
2,10.028047,76.310019,Kochi,3,38,4.8,KOCRES02DEL03
2,13.086438,80.220672,Chennai,1,38,5,CHENRES02DEL01
2,18.55144,73.804855,Pune,2,38,4.9,PUNERES02DEL02
2,18.55144,73.804855,Pune,3,38,4.8,PUNERES02DEL03
2,18.55144,73.804855,Pune,1,39,4.6,PUNERES02DEL01
2,12.970221,77.645396,Bangalore,2,39,4.8,BANGRES02DEL02
2,15.585658,73.743606,Goa,1,39,4.6,GOARES02DEL01
3,30.88722,75.804893,Ludhiana,3,20,4.5,LUDHRES03DEL03
3,21.186884,72.793616,Surat,3,20,5,SURRES03DEL03
3,23.214294,77.435361,Bhopal,1,20,4.7,BHPRES03DEL01
3,22.32,73.17,Vadodra,1,20,4.8,VADRES03DEL01
3,22.526461,88.364453,Kolkata,3,21,3.9,KOLRES03DEL03
3,21.186884,72.793616,Surat,1,21,5,SURRES03DEL01
3,10.020683,76.310631,Kochi,2,22,4.8,KOCRES03DEL02
3,17.422819,78.449578,Hyderabad,1,22,4.7,HYDRES03DEL01
3,12.979166,77.640709,Bangalore,3,22,4.9,BANGRES03DEL03
3,10.020683,76.310631,Kochi,1,23,5,KOCRES03DEL01
3,13.091809,80.219104,Chennai,1,23,5,CHENRES03DEL01
3,27.160832,78.011608,Agra,2,24,4.9,AGRRES03DEL02
3,30.335259,78.053162,Delhi,1,25,4.7,DEHRES03DEL01
3,30.88722,75.804893,Ludhiana,2,25,4.8,LUDHRES03DEL02
3,15.574828,73.766883,Goa,3,26,5,GOARES03DEL03
3,15.574828,73.766883,Goa,2,26,4.7,GOARES03DEL02
3,13.091809,80.219104,Chennai,2,26,4.1,CHENRES03DEL02
3,11.025083,77.015393,Coimbatore,1,26,4.7,COIMBRES03DEL01
3,22.526461,88.364453,Kolkata,1,27,4.7,KOLRES03DEL01
3,27.160832,78.011608,Agra,3,27,4.9,AGRRES03DEL03
3,10.020683,76.310631,Kochi,3,28,4.9,KOCRES03DEL03
3,19.22384,72.841347,Mumbai,2,28,4.3,MUMRES03DEL02
3,26.913483,75.803139,Jaipur,3,28,4.1,JAPRES03DEL03
3,25.451517,81.832616,Prayagraj,3,28,4.7,ALHRES03DEL03
3,18.554382,73.798206,Pune,3,29,4.9,PUNERES03DEL03
3,21.186884,72.793616,Surat,2,29,4.9,SURRES03DEL02
3,12.979166,77.640709,Bangalore,1,29,4.8,BANGRES03DEL01
3,17.422819,78.449578,Hyderabad,2,29,4.8,HYDRES03DEL02
3,12.299524,76.64262,Mysore,1,30,4.9,MYSRES03DEL01
3,-19.874733,75.353942,Aurangabad,3,30,4.9,AURGRES03DEL03
3,22.751857,75.866699,Indore,1,30,4.8,INDORES03DEL01
3,11.025083,77.015393,Coimbatore,2,30,4.9,COIMBRES03DEL02
3,26.469003,80.316344,Kanpur,1,30,4.2,KNPRES03DEL01
3,26.469003,80.316344,Kanpur,3,31,4.8,KNPRES03DEL03
3,25.451517,81.832616,Prayagraj,2,31,4.4,ALHRES03DEL02
3,12.299524,76.64262,Mysore,2,31,4.3,MYSRES03DEL02
3,22.751857,75.866699,Indore,3,31,5,INDORES03DEL03
3,19.22384,72.841347,Mumbai,1,31,3.8,MUMRES03DEL01
3,19.874733,75.353942,Aurangabad,2,31,4.9,AURGRES03DEL02
3,30.335259,78.053162,Delhi,2,31,4.9,DEHRES03DEL02
3,15.574828,73.766883,Goa,1,32,4.6,GOARES03DEL01
3,12.979166,77.640709,Bangalore,2,33,4.9,BANGRES03DEL02
3,18.554382,73.798206,Pune,2,33,4.8,PUNERES03DEL02
3,19.22384,72.841347,Mumbai,3,33,4.6,MUMRES03DEL03
3,30.335259,78.053162,Delhi,3,33,4.9,DEHRES03DEL03
3,26.913483,75.803139,Jaipur,2,34,4.6,JAPRES03DEL02
3,17.422819,78.449578,Hyderabad,3,34,4.9,HYDRES03DEL03
3,22.751857,75.866699,Indore,2,35,4.5,INDORES03DEL02
3,23.214294,77.435361,Bhopal,3,36,4.6,BHPRES03DEL03
3,13.091809,80.219104,Chennai,3,36,4.5,CHENRES03DEL03
3,11.025083,77.015393,Coimbatore,3,36,4.1,COIMBRES03DEL03
3,18.554382,73.798206,Pune,1,36,4.9,PUNERES03DEL01
3,30.88722,75.804893,Ludhiana,1,37,3.5,LUDHRES03DEL01
3,22.32,73.17,Vadodra,3,37,4.8,VADRES03DEL03
3,23.214294,77.435361,Bhopal,2,37,4.6,BHPRES03DEL02
3,25.451517,81.832616,Prayagraj,1,39,4.8,ALHRES03DEL01
3,26.913483,75.803139,Jaipur,1,39,4,JAPRES03DEL01
3,12.299524,76.64262,Mysore,3,39,4.1,MYSRES03DEL03
3,22.32,73.17,Vadodra,2,39,4.9,VADRES03DEL02
4,27.195928,77.998092,Agra,3,20,4.9,AGRRES04DEL03
4,11.024839,77.007003,Coimbatore,3,20,4.5,COIMBRES04DEL03
4,22.538731,88.364878,Kolkata,2,21,4.7,KOLRES04DEL02
4,23.184992,77.417227,Bhopal,1,21,5,BHPRES04DEL01
4,23.359033,85.325347,Ranchi,2,21,4.6,RANCHIRES04DEL02
4,-26.471529,80.313458,Kanpur,1,22,5,KNPRES04DEL01
4,13.02978,80.208812,Chennai,3,22,4.6,CHENRES04DEL03
4,13.02978,80.208812,Chennai,1,23,4.7,CHENRES04DEL01
4,17.411028,78.329645,Hyderabad,3,23,5,HYDRES04DEL03
4,22.753659,75.903365,Indore,1,23,4.6,INDORES04DEL01
4,30.914057,75.83982,Ludhiana,1,24,4.6,LUDHRES04DEL01
4,11.024839,77.007003,Coimbatore,1,24,4,COIMBRES04DEL01
4,22.753659,75.903365,Indore,2,24,4.5,INDORES04DEL02
4,26.902328,75.794257,Jaipur,2,24,5,JAPRES04DEL02
4,22.538731,88.364878,Kolkata,1,25,4.9,KOLRES04DEL01
4,26.471529,80.313458,Kanpur,2,25,4.8,KNPRES04DEL02
4,19.876106,75.340775,Aurangabad,3,25,4.7,AURGRES04DEL03
4,11.024839,77.007003,Coimbatore,2,25,4.8,COIMBRES04DEL02
4,23.359033,85.325347,Ranchi,3,26,4.2,RANCHIRES04DEL03
4,26.902328,75.794257,Jaipur,3,26,4.1,JAPRES04DEL03
4,18.51421,73.838429,Pune,2,26,4.5,PUNERES04DEL02
4,9.966783,76.242981,Kochi,1,27,5,KOCRES04DEL01
4,13.02978,80.208812,Chennai,2,27,4.8,CHENRES04DEL02
4,17.411028,78.329645,Hyderabad,1,27,4.7,HYDRES04DEL01
4,22.538731,88.364878,Kolkata,3,28,4.3,KOLRES04DEL03
4,9.966783,76.242981,Kochi,2,28,4.9,KOCRES04DEL02
4,21.173493,72.801953,Surat,2,28,4.6,SURRES04DEL02
4,15.5696,73.742294,Goa,2,28,4.8,GOARES04DEL02
4,23.359033,85.325347,Ranchi,1,28,4.7,RANCHIRES04DEL01
4,19.254567,72.848923,Mumbai,2,28,4.6,MUMRES04DEL02
4,19.876106,75.340775,Aurangabad,1,29,4.5,AURGRES04DEL01
4,30.340722,78.060221,Delhi,3,29,4.9,DEHRES04DEL03
4,18.51421,73.838429,Pune,3,29,4.5,PUNERES04DEL03
4,21.173493,72.801953,Surat,1,29,4.8,SURRES04DEL01
4,19.876106,75.340775,Aurangabad,2,30,5,AURGRES04DEL02
4,30.340722,78.060221,Delhi,1,30,4.7,DEHRES04DEL01
4,22.753659,75.903365,Indore,3,30,4.6,INDORES04DEL03
4,26.902328,75.794257,Jaipur,1,30,4.8,JAPRES04DEL01
4,12.3085,76.665808,Mysore,1,31,4.4,MYSRES04DEL01
4,27.195928,77.998092,Agra,1,32,4.9,AGRRES04DEL01
4,30.914057,75.83982,Ludhiana,3,32,4.9,LUDHRES04DEL03
4,12.98041,77.640489,Bangalore,1,33,4.7,BANGRES04DEL01
4,23.184992,77.417227,Bhopal,3,34,4.9,BHPRES04DEL03
4,27.195928,77.998092,Agra,2,34,4.9,AGRRES04DEL02
4,30.914057,75.83982,Ludhiana,2,34,5,LUDHRES04DEL02
4,30.340722,78.060221,Delhi,2,34,4.5,DEHRES04DEL02
4,15.5696,73.742294,Goa,3,35,4.8,GOARES04DEL03
4,19.254567,72.848923,Mumbai,3,35,4.9,MUMRES04DEL03
4,12.3085,76.665808,Mysore,2,35,4.9,MYSRES04DEL02
4,17.411028,78.329645,Hyderabad,2,36,4.6,HYDRES04DEL02
4,12.98041,77.640489,Bangalore,3,36,5,BANGRES04DEL03
4,9.966783,76.242981,Kochi,3,37,4.6,KOCRES04DEL03
4,26.471529,80.313458,Kanpur,3,37,4.6,KNPRES04DEL03
4,12.98041,77.640489,Bangalore,2,37,4.6,BANGRES04DEL02
4,19.254567,72.848923,Mumbai,1,37,4.9,MUMRES04DEL01
4,21.173493,72.801953,Surat,3,37,4.7,SURRES04DEL03
4,12.3085,76.665808,Mysore,3,38,4.1,MYSRES04DEL03
4,15.5696,73.742294,Goa,1,39,4.5,GOARES04DEL01
5,27.201725,78.007553,Agra,1,20,4.9,AGRRES05DEL01
5,30.346994,78.062543,Delhi,3,20,4.8,DEHRES05DEL03
5,13.058616,80.264151,Chennai,2,20,4.9,CHENRES05DEL02
5,13.058616,80.264151,Chennai,1,20,5,CHENRES05DEL01
5,12.970324,77.645748,Bangalore,2,20,4.7,BANGRES05DEL02
5,17.433809,78.386744,Hyderabad,2,20,4.6,HYDRES05DEL02
5,23.214459,77.434976,Bhopal,1,21,4.9,BHPRES05DEL01
5,22.527893,88.368628,Kolkata,2,21,5,KOLRES05DEL02
5,12.970324,77.645748,Bangalore,1,21,4.5,BANGRES05DEL01
5,18.927584,72.832585,Mumbai,2,21,4.5,MUMRES05DEL02
5,18.927584,72.832585,Mumbai,3,22,4.9,MUMRES05DEL03
5,18.543626,73.905101,Pune,2,22,4,PUNERES05DEL02
5,26.905287,75.794592,Jaipur,2,22,4.8,JAPRES05DEL02
5,30.905562,75.832841,Ludhiana,3,23,4.8,LUDHRES05DEL03
5,22.527893,88.368628,Kolkata,3,24,4.8,KOLRES05DEL03
5,19.875522,75.367127,Aurangabad,1,24,4.6,AURGRES05DEL01
5,11.022169,76.999594,Coimbatore,3,24,4.9,COIMBRES05DEL03
5,23.355164,85.324097,Ranchi,3,24,4.7,RANCHIRES05DEL03
5,21.175104,72.804342,Surat,1,24,4.5,SURRES05DEL01
5,21.175104,72.804342,Surat,3,25,4.5,SURRES05DEL03
5,23.355164,85.324097,Ranchi,1,25,4.7,RANCHIRES05DEL01
5,22.527893,88.368628,Kolkata,1,26,4.7,KOLRES05DEL01
5,26.479108,80.315042,Kanpur,1,26,4.7,KNPRES05DEL01
5,30.905562,75.832841,Ludhiana,2,26,4.7,LUDHRES05DEL02
5,23.355164,85.324097,Ranchi,2,26,4.8,RANCHIRES05DEL02
5,25.457687,81.835585,Prayagraj,3,27,4.6,ALHRES05DEL03
5,22.310526,73.170937,Vadodra,3,28,4.8,VADRES05DEL03
5,26.905287,75.794592,Jaipur,1,28,4.8,JAPRES05DEL01
5,12.323978,76.627961,Mysore,2,28,4.7,MYSRES05DEL02
5,26.479108,80.315042,Kanpur,3,29,4.6,KNPRES05DEL03
5,9.970717,76.285447,Kochi,1,31,4.9,KOCRES05DEL01
5,21.175104,72.804342,Surat,2,31,4.9,SURRES05DEL02
5,12.970324,77.645748,Bangalore,3,31,4.7,BANGRES05DEL03
5,30.346994,78.062543,Delhi,1,32,4.3,DEHRES05DEL01
5,23.214459,77.434976,Bhopal,3,33,4.6,BHPRES05DEL03
5,17.433809,78.386744,Hyderabad,3,33,4.7,HYDRES05DEL03
5,11.022169,76.999594,Coimbatore,1,33,4.3,COIMBRES05DEL01
5,25.457687,81.835585,Prayagraj,2,34,4.7,ALHRES05DEL02
5,30.905562,75.832841,Ludhiana,1,34,5,LUDHRES05DEL01
5,19.875522,75.367127,Aurangabad,3,34,4.3,AURGRES05DEL03
5,30.346994,78.062543,Delhi,2,35,4.6,DEHRES05DEL02
5,27.201725,78.007553,Agra,3,35,4.9,AGRRES05DEL03
5,22.310526,73.170937,Vadodra,2,35,4.6,VADRES05DEL02
5,12.323978,76.627961,Mysore,1,35,4.6,MYSRES05DEL01
5,23.214459,77.434976,Bhopal,2,36,4.7,BHPRES05DEL02
5,9.970717,76.285447,Kochi,2,36,4.2,KOCRES05DEL02
5,18.927584,72.832585,Mumbai,1,36,4.8,MUMRES05DEL01
5,12.323978,76.627961,Mysore,3,36,4.6,MYSRES05DEL03
5,17.433809,78.386744,Hyderabad,1,36,4.9,HYDRES05DEL01
5,19.875522,75.367127,Aurangabad,2,37,3.5,AURGRES05DEL02
5,18.543626,73.905101,Pune,3,37,4.4,PUNERES05DEL03
5,22.310526,73.170937,Vadodra,1,37,4.4,VADRES05DEL01
5,13.058616,80.264151,Chennai,3,37,4.8,CHENRES05DEL03
5,11.022169,76.999594,Coimbatore,2,38,4.2,COIMBRES05DEL02
5,18.543626,73.905101,Pune,1,38,4.7,PUNERES05DEL01
5,26.479108,80.315042,Kanpur,2,38,4.6,KNPRES05DEL02
5,22.727021,75.884167,Indore,2,38,4.6,INDORES05DEL02
5,9.970717,76.285447,Kochi,3,39,4.5,KOCRES05DEL03
5,22.727021,75.884167,Indore,3,39,4.1,INDORES05DEL03
5,27.201725,78.007553,Agra,2,39,3.9,AGRRES05DEL02
6,9.982834,76.283268,Kochi,1,20,5,KOCRES06DEL01
6,13.054347,80.257221,Chennai,1,20,4.7,CHENRES06DEL01
6,18.546258,73.904337,Pune,2,21,4.7,PUNERES06DEL02
6,23.232357,77.429989,Bhopal,2,21,4.6,BHPRES06DEL02
6,15.56155,73.749092,Goa,2,21,4.8,GOARES06DEL02
6,22.533662,88.366217,Kolkata,2,21,4.7,KOLRES06DEL02
6,12.323994,76.626167,Mysore,2,21,4.8,MYSRES06DEL02
6,26.911927,75.797282,Jaipur,1,21,4.6,JAPRES06DEL01
6,-9.982834,76.283268,Kochi,3,23,4.8,KOCRES06DEL03
6,18.546258,73.904337,Pune,1,23,4.6,PUNERES06DEL01
6,12.323994,76.626167,Mysore,3,23,4.7,MYSRES06DEL03
6,30.361281,78.068022,Delhi,1,23,4.7,DEHRES06DEL01
6,21.185047,72.80859,Surat,3,23,4.5,SURRES06DEL03
6,30.895204,75.822103,Ludhiana,1,24,5,LUDHRES06DEL01
6,11.021278,76.995017,Coimbatore,2,24,4.8,COIMBRES06DEL02
6,12.979096,77.640625,Bangalore,1,24,5,BANGRES06DEL01
6,21.185047,72.80859,Surat,1,25,4.8,SURRES06DEL01
6,19.055831,72.833984,Mumbai,3,25,4.9,MUMRES06DEL03
6,12.979096,77.640625,Bangalore,2,25,4.6,BANGRES06DEL02
6,26.911927,75.797282,Jaipur,3,26,4.6,JAPRES06DEL03
6,13.054347,80.257221,Chennai,2,27,4.9,CHENRES06DEL02
6,22.31279,73.170283,Vadodra,3,27,4.9,VADRES06DEL03
6,15.56155,73.749092,Goa,1,28,4.3,GOARES06DEL01
6,23.357804,85.325146,Ranchi,1,28,4.6,RANCHIRES06DEL01
6,12.979096,77.640625,Bangalore,3,28,4.7,BANGRES06DEL03
6,9.982834,76.283268,Kochi,2,28,4.7,KOCRES06DEL02
6,18.546258,73.904337,Pune,3,29,4.7,PUNERES06DEL03
6,19.874449,75.360232,Aurangabad,2,29,4.8,AURGRES06DEL02
6,22.728163,75.884212,Indore,3,29,4.6,INDORES06DEL03
6,11.021278,76.995017,Coimbatore,1,29,4.5,COIMBRES06DEL01
6,17.455894,78.375467,Hyderabad,3,29,4.8,HYDRES06DEL03
6,12.323994,76.626167,Mysore,1,29,5,MYSRES06DEL01
6,17.455894,78.375467,Hyderabad,2,29,4.8,HYDRES06DEL02
6,19.874449,75.360232,Aurangabad,3,30,4,AURGRES06DEL03
6,22.31279,73.170283,Vadodra,2,30,4.1,VADRES06DEL02
6,30.895204,75.822103,Ludhiana,2,31,3.7,LUDHRES06DEL02
6,19.874449,75.360232,Aurangabad,1,33,4.7,AURGRES06DEL01
6,30.361281,78.068022,Delhi,2,33,4.8,DEHRES06DEL02
6,19.055831,72.833984,Mumbai,2,33,4.7,MUMRES06DEL02
6,19.055831,72.833984,Mumbai,1,33,4.8,MUMRES06DEL01
6,23.357804,85.325146,Ranchi,2,33,4.2,RANCHIRES06DEL02
6,13.054347,80.257221,Chennai,3,33,5,CHENRES06DEL03
6,30.895204,75.822103,Ludhiana,3,34,4.5,LUDHRES06DEL03
6,23.357804,85.325146,Ranchi,3,34,3.7,RANCHIRES06DEL03
6,11.021278,76.995017,Coimbatore,3,35,4.8,COIMBRES06DEL03
6,23.232357,77.429989,Bhopal,3,35,4.3,BHPRES06DEL03
6,15.56155,73.749092,Goa,3,35,4.8,GOARES06DEL03
6,22.728163,75.884212,Indore,1,36,4.6,INDORES06DEL01
6,23.232357,77.429989,Bhopal,1,36,4.6,BHPRES06DEL01
6,22.533662,88.366217,Kolkata,3,37,4.8,KOLRES06DEL03
6,26.911927,75.797282,Jaipur,2,37,4.7,JAPRES06DEL02
6,22.533662,88.366217,Kolkata,1,38,5,KOLRES06DEL01
6,30.361281,78.068022,Delhi,3,39,5,DEHRES06DEL03
6,22.728163,75.884212,Indore,2,39,4.4,INDORES06DEL02
7,22.722634,75.886959,Indore,3,20,4.6,INDORES07DEL03
7,15.561295,73.749478,Goa,3,21,4.9,GOARES07DEL03
7,10.96185,76.971082,Coimbatore,3,21,4.6,COIMBRES07DEL03
7,12.978453,77.643685,Bangalore,3,21,4.6,BANGRES07DEL03
7,26.472001,80.354002,Kanpur,1,22,4.8,KNPRES07DEL01
7,17.424114,78.347554,Hyderabad,3,22,4.9,HYDRES07DEL03
7,12.325461,76.632278,Mysore,3,22,4.6,MYSRES07DEL03
7,25.449659,81.839744,Prayagraj,3,22,4.7,ALHRES07DEL03
7,23.359407,85.325055,Ranchi,2,22,4.7,RANCHIRES07DEL02
7,19.875908,75.358888,Aurangabad,2,22,4.9,AURGRES07DEL02
7,27.160934,78.044095,Agra,3,23,5,AGRRES07DEL03
7,22.547186,88.35068,Kolkata,1,23,4.8,KOLRES07DEL01
7,25.449659,81.839744,Prayagraj,1,23,4.7,ALHRES07DEL01
7,12.978453,77.643685,Bangalore,2,24,4.2,BANGRES07DEL02
7,25.449659,81.839744,Prayagraj,2,25,4.7,ALHRES07DEL02
7,10.96185,76.971082,Coimbatore,2,25,4.6,COIMBRES07DEL02
7,22.722634,75.886959,Indore,1,26,4.7,INDORES07DEL01
7,26.766536,75.837333,Jaipur,3,26,4.5,JAPRES07DEL03
7,13.081878,80.248519,Chennai,3,26,4.7,CHENRES07DEL03
7,19.875908,75.358888,Aurangabad,1,27,4.5,AURGRES07DEL01
7,26.472001,80.354002,Kanpur,2,27,4.9,KNPRES07DEL02
7,30.362686,78.06889,Delhi,3,27,4.6,DEHRES07DEL03
7,19.091458,72.827808,Mumbai,2,27,4.7,MUMRES07DEL02
7,26.472001,80.354002,Kanpur,3,28,4.7,KNPRES07DEL03
7,19.091458,72.827808,Mumbai,3,28,4.6,MUMRES07DEL03
7,12.325461,76.632278,Mysore,1,29,4.8,MYSRES07DEL01
7,12.325461,76.632278,Mysore,2,29,4.5,MYSRES07DEL02
7,15.561295,73.749478,Goa,1,29,4.7,GOARES07DEL01
7,9.985697,76.281128,Kochi,1,30,4.8,KOCRES07DEL01
7,13.081878,80.248519,Chennai,2,30,5,CHENRES07DEL02
7,9.985697,76.281128,Kochi,2,30,4.4,KOCRES07DEL02
7,21.170798,72.790489,Surat,1,30,4.9,SURRES07DEL01
7,19.875908,75.358888,Aurangabad,3,31,4.6,AURGRES07DEL03
7,22.547186,88.35068,Kolkata,2,31,4.3,KOLRES07DEL02
7,21.170798,72.790489,Surat,2,31,4.1,SURRES07DEL02
7,18.546947,73.900626,Pune,2,31,4.7,PUNERES07DEL02
7,9.985697,76.281128,Kochi,3,33,4.7,KOCRES07DEL03
7,30.362686,78.06889,Delhi,1,33,4.8,DEHRES07DEL01
7,18.546947,73.900626,Pune,1,33,4.8,PUNERES07DEL01
7,15.561295,73.749478,Goa,2,33,4.8,GOARES07DEL02
7,13.081878,80.248519,Chennai,1,33,5,CHENRES07DEL01
7,18.546947,73.900626,Pune,3,33,4.8,PUNERES07DEL03
7,30.362686,78.06889,Delhi,2,34,4.6,DEHRES07DEL02
7,22.547186,88.35068,Kolkata,3,35,4.8,KOLRES07DEL03
7,23.359407,85.325055,Ranchi,1,35,4.7,RANCHIRES07DEL01
7,10.96185,76.971082,Coimbatore,1,35,4.7,COIMBRES07DEL01
7,22.722634,75.886959,Indore,2,36,4.9,INDORES07DEL02
7,26.766536,75.837333,Jaipur,2,36,4.6,JAPRES07DEL02
7,23.359407,85.325055,Ranchi,3,37,4.2,RANCHIRES07DEL03
7,21.170798,72.790489,Surat,3,37,3.5,SURRES07DEL03
7,27.160934,78.044095,Agra,2,38,4.5,AGRRES07DEL02
7,17.424114,78.347554,Hyderabad,1,38,4.6,HYDRES07DEL01
7,26.766536,75.837333,Jaipur,1,39,4.3,JAPRES07DEL01
7,17.424114,78.347554,Hyderabad,2,39,4.2,HYDRES07DEL02
8,12.906229,77.596791,Bangalore,3,20,4.6,BANGRES08DEL03
8,19.065838,72.832658,Mumbai,2,21,4.8,MUMRES08DEL02
8,23.353783,85.326967,Ranchi,2,21,5,RANCHIRES08DEL02
8,12.906229,77.596791,Bangalore,2,21,4.8,BANGRES08DEL02
8,22.53796,88.349843,Kolkata,3,22,5,KOLRES08DEL03
8,18.53408,73.89852,Pune,2,22,4.7,PUNERES08DEL02
8,26.910262,75.783013,Jaipur,3,22,4.8,JAPRES08DEL03
8,23.232537,77.429845,Bhopal,3,23,4.5,BHPRES08DEL03
8,25.450329,81.834279,Prayagraj,3,23,4.4,ALHRES08DEL03
8,21.173343,72.792731,Surat,3,23,4.8,SURRES08DEL03
8,25.450329,81.834279,Prayagraj,2,24,4.5,ALHRES08DEL02
8,19.065838,72.832658,Mumbai,3,24,4.9,MUMRES08DEL03
8,11.001852,76.976268,Coimbatore,1,24,4.6,COIMBRES08DEL01
8,22.53796,88.349843,Kolkata,2,25,4.3,KOLRES08DEL02
8,9.985497,76.276999,Kochi,1,25,4.7,KOCRES08DEL01
8,30.359722,78.067079,Delhi,2,26,4.8,DEHRES08DEL02
8,9.985497,76.276999,Kochi,2,26,4.5,KOCRES08DEL02
8,22.725748,75.898497,Indore,2,26,4.9,INDORES08DEL02
8,17.438263,78.397865,Hyderabad,3,26,5,HYDRES08DEL03
8,23.232537,77.429845,Bhopal,2,27,4.8,BHPRES08DEL02
8,19.876428,75.364792,Aurangabad,1,27,4.5,AURGRES08DEL01
8,30.899992,75.831338,Ludhiana,3,28,4.8,LUDHRES08DEL03
8,18.53408,73.89852,Pune,3,28,4.7,PUNERES08DEL03
8,17.438263,78.397865,Hyderabad,1,28,4.6,HYDRES08DEL01
8,12.297954,76.665169,Mysore,1,28,4.5,MYSRES08DEL01
8,9.985497,76.276999,Kochi,3,28,4.5,KOCRES08DEL03
8,23.353783,85.326967,Ranchi,3,29,4.7,RANCHIRES08DEL03
8,19.876428,75.364792,Aurangabad,3,29,4.8,AURGRES08DEL03
8,23.353783,85.326967,Ranchi,1,29,4.9,RANCHIRES08DEL01
8,21.173343,72.792731,Surat,1,30,5,SURRES08DEL01
8,13.022394,80.242439,Chennai,3,30,4.9,CHENRES08DEL03
8,26.910262,75.783013,Jaipur,1,31,4.7,JAPRES08DEL01
8,15.556561,73.763633,Goa,1,31,3.4,GOARES08DEL01
8,27.160934,78.044095,Agra,2,31,4.9,AGRRES08DEL02
8,25.450329,81.834279,Prayagraj,1,31,4.6,ALHRES08DEL01
8,30.899992,75.831338,Ludhiana,2,32,5,LUDHRES08DEL02
8,27.160934,78.044095,Agra,1,32,4.6,AGRRES08DEL01
8,18.53408,73.89852,Pune,1,33,5,PUNERES08DEL01
8,15.556561,73.763633,Goa,2,34,4.8,GOARES08DEL02
8,22.53796,88.349843,Kolkata,1,34,4.8,KOLRES08DEL01
8,12.297954,76.665169,Mysore,2,34,4.9,MYSRES08DEL02
8,13.022394,80.242439,Chennai,1,35,4.6,CHENRES08DEL01
8,17.438263,78.397865,Hyderabad,2,35,4.9,HYDRES08DEL02
8,30.359722,78.067079,Delhi,3,36,4.4,DEHRES08DEL03
8,30.899992,75.831338,Ludhiana,1,36,3,LUDHRES08DEL01
8,19.876428,75.364792,Aurangabad,2,36,4.9,AURGRES08DEL02
8,19.065838,72.832658,Mumbai,1,36,4.8,MUMRES08DEL01
8,11.001852,76.976268,Coimbatore,3,36,4.8,COIMBRES08DEL03
8,12.906229,77.596791,Bangalore,1,36,4.7,BANGRES08DEL01
8,27.160934,78.044095,Agra,3,37,3.7,AGRRES08DEL03
8,23.232537,77.429845,Bhopal,1,37,4.8,BHPRES08DEL01
8,26.910262,75.783013,Jaipur,2,37,4.9,JAPRES08DEL02
8,11.001852,76.976268,Coimbatore,2,37,4.8,COIMBRES08DEL02
8,15.556561,73.763633,Goa,3,37,4.8,GOARES08DEL03
8,13.022394,80.242439,Chennai,2,37,4.8,CHENRES08DEL02
8,12.297954,76.665169,Mysore,3,38,4.6,MYSRES08DEL03
8,22.725748,75.898497,Indore,3,39,4,INDORES08DEL03
8,22.725748,75.898497,Indore,1,39,4.1,INDORES08DEL01
9,26.473698,80.352677,Kanpur,2,20,4.6,KNPRES09DEL02
9,30.332735,78.054222,Delhi,3,20,4.2,DEHRES09DEL03
9,12.323194,76.630583,Mysore,1,20,4.3,MYSRES09DEL01
9,19.874103,75.368419,Aurangabad,2,21,4.9,AURGRES09DEL02
9,22.725835,75.887648,Indore,2,21,4,INDORES09DEL02
9,15.303897,73.914336,Goa,1,22,4.7,GOARES09DEL01
9,23.351058,85.325731,Ranchi,1,22,4.7,RANCHIRES09DEL01
9,26.911378,75.789034,Jaipur,3,23,4.8,JAPRES09DEL03
9,23.351058,85.325731,Ranchi,2,23,4.9,RANCHIRES09DEL02
9,13.044694,80.26147,Chennai,3,24,4.5,CHENRES09DEL03
9,22.515082,88.36783,Kolkata,3,24,5,KOLRES09DEL03
9,12.934179,77.615797,Bangalore,2,24,4.8,BANGRES09DEL02
9,26.911378,75.789034,Jaipur,1,24,4.8,JAPRES09DEL01
9,18.994049,72.825203,Mumbai,3,24,4.7,MUMRES09DEL03
9,11.008638,76.984311,Coimbatore,3,24,4.7,COIMBRES09DEL03
9,12.934179,77.615797,Bangalore,3,25,4.6,BANGRES09DEL03
9,17.431668,78.408321,Hyderabad,3,26,4.6,HYDRES09DEL03
9,18.994049,72.825203,Mumbai,2,26,4.6,MUMRES09DEL02
9,18.536562,73.896485,Pune,3,27,4.8,PUNERES09DEL03
9,11.008638,76.984311,Coimbatore,1,27,4.5,COIMBRES09DEL01
9,18.994049,72.825203,Mumbai,1,27,4.5,MUMRES09DEL01
9,17.431668,78.408321,Hyderabad,2,27,4.8,HYDRES09DEL02
9,19.874103,75.368419,Aurangabad,1,28,4.9,AURGRES09DEL01
9,22.515082,88.36783,Kolkata,2,28,4.9,KOLRES09DEL02
9,30.332735,78.054222,Delhi,2,29,4.7,DEHRES09DEL02
9,23.351058,85.325731,Ranchi,3,29,4.6,RANCHIRES09DEL03
9,10.000706,76.349516,Kochi,2,29,4.8,KOCRES09DEL02
9,22.515082,88.36783,Kolkata,1,30,4.7,KOLRES09DEL01
9,10.000706,76.349516,Kochi,3,30,4.7,KOCRES09DEL03
9,12.323194,76.630583,Mysore,3,30,4.8,MYSRES09DEL03
9,21.175975,72.795503,Surat,1,30,4.3,SURRES09DEL01
9,30.885814,75.786976,Ludhiana,2,31,4.7,LUDHRES09DEL02
9,21.175975,72.795503,Surat,3,31,4.6,SURRES09DEL03
9,11.008638,76.984311,Coimbatore,2,31,4.3,COIMBRES09DEL02
9,19.874103,75.368419,Aurangabad,3,32,4.2,AURGRES09DEL03
9,30.332735,78.054222,Delhi,1,32,4.8,DEHRES09DEL01
9,18.536562,73.896485,Pune,1,32,4.6,PUNERES09DEL01
9,13.044694,80.26147,Chennai,1,32,4.3,CHENRES09DEL01
9,30.885814,75.786976,Ludhiana,3,33,4.6,LUDHRES09DEL03
9,26.473698,80.352677,Kanpur,1,33,4.4,KNPRES09DEL01
9,12.323194,76.630583,Mysore,2,34,4.6,MYSRES09DEL02
9,10.000706,76.349516,Kochi,1,34,4.7,KOCRES09DEL01
9,21.175975,72.795503,Surat,2,34,4.2,SURRES09DEL02
9,12.934179,77.615797,Bangalore,1,35,4.6,BANGRES09DEL01
9,30.885814,75.786976,Ludhiana,1,36,5,LUDHRES09DEL01
9,26.473698,80.352677,Kanpur,3,36,4.7,KNPRES09DEL03
9,17.431668,78.408321,Hyderabad,1,37,4.7,HYDRES09DEL01
9,15.303897,73.914336,Goa,3,37,4.8,GOARES09DEL03
9,26.911378,75.789034,Jaipur,2,37,4.6,JAPRES09DEL02
9,13.044694,80.26147,Chennai,2,37,4.9,CHENRES09DEL02
9,15.303897,73.914336,Goa,2,38,4,GOARES09DEL02
9,18.536562,73.896485,Pune,2,38,4.9,PUNERES09DEL02
9,22.725835,75.887648,Indore,1,39,4.6,INDORES09DEL01
10,26.47775,80.351569,Kanpur,2,20,4.7,KNPRES010DEL02
10,11.003008,76.97544,Coimbatore,2,20,4.8,COIMBRES010DEL02
10,23.354422,85.3329,Ranchi,3,20,5,RANCHIRES010DEL03
10,21.17106,72.789292,Surat,2,22,4.7,SURRES010DEL02
10,11.003008,76.97544,Coimbatore,3,22,4.6,COIMBRES010DEL03
10,22.75004,75.902847,Indore,1,22,4.7,INDORES010DEL01
10,13.066762,80.251865,Chennai,2,22,4.7,CHENRES010DEL02
10,19.003517,72.82765,Mumbai,3,22,4.7,MUMRES010DEL03
10,19.003517,72.82765,Mumbai,2,22,4.7,MUMRES010DEL02
10,23.266261,77.379605,Bhopal,1,23,4.9,BHPRES010DEL01
10,11.003008,76.97544,Coimbatore,1,23,4.8,COIMBRES010DEL01
10,27.163303,78.057044,Agra,1,25,4.8,AGRRES010DEL01
10,22.538999,88.322337,Kolkata,1,25,4.8,KOLRES010DEL01
10,30.328174,78.049117,Delhi,1,25,5,DEHRES010DEL01
10,18.539299,73.897902,Pune,3,25,4.2,PUNERES010DEL03
10,22.75004,75.902847,Indore,2,25,4.5,INDORES010DEL02
10,30.328174,78.049117,Delhi,2,26,4.8,DEHRES010DEL02
10,19.875337,75.316722,Aurangabad,3,26,4.9,AURGRES010DEL03
10,26.921411,75.793604,Jaipur,1,26,4.6,JAPRES010DEL01
10,12.321214,76.621094,Mysore,1,26,5,MYSRES010DEL01
10,10.035573,76.336958,Kochi,3,27,4.5,KOCRES010DEL03
10,26.47775,80.351569,Kanpur,1,27,4.5,KNPRES010DEL01
10,30.89286,75.822199,Ludhiana,2,27,4.6,LUDHRES010DEL02
10,22.310329,73.169083,Vadodra,2,27,4.7,VADRES010DEL02
10,15.546594,73.760431,Goa,2,28,4.5,GOARES010DEL02
10,17.428294,78.404423,Hyderabad,2,28,4.9,HYDRES010DEL02
10,21.17106,72.789292,Surat,3,28,4.9,SURRES010DEL03
10,26.921411,75.793604,Jaipur,2,28,4.9,JAPRES010DEL02
10,12.321214,76.621094,Mysore,3,29,4.9,MYSRES010DEL03
10,12.321214,76.621094,Mysore,2,29,4.9,MYSRES010DEL02
10,30.89286,75.822199,Ludhiana,1,30,4.6,LUDHRES010DEL01
10,22.538999,88.322337,Kolkata,2,30,5,KOLRES010DEL02
10,15.546594,73.760431,Goa,3,30,4.5,GOARES010DEL03
10,17.428294,78.404423,Hyderabad,1,30,4.6,HYDRES010DEL01
10,30.328174,78.049117,Delhi,3,30,4.5,DEHRES010DEL03
10,12.933298,77.614293,Bangalore,2,30,4.7,BANGRES010DEL02
10,26.47775,80.351569,Kanpur,3,30,4.6,KNPRES010DEL03
10,27.163303,78.057044,Agra,3,31,4.8,AGRRES010DEL03
10,15.546594,73.760431,Goa,1,31,4.9,GOARES010DEL01
10,17.428294,78.404423,Hyderabad,3,31,4.7,HYDRES010DEL03
10,12.933298,77.614293,Bangalore,1,31,4.6,BANGRES010DEL01
10,22.310329,73.169083,Vadodra,3,31,5,VADRES010DEL03
10,26.921411,75.793604,Jaipur,3,31,4.7,JAPRES010DEL03
10,22.310329,73.169083,Vadodra,1,31,4.7,VADRES010DEL01
10,18.539299,73.897902,Pune,2,32,5,PUNERES010DEL02
10,10.035573,76.336958,Kochi,1,32,4.7,KOCRES010DEL01
10,27.163303,78.057044,Agra,2,32,4.9,AGRRES010DEL02
10,19.875337,75.316722,Aurangabad,1,33,4.7,AURGRES010DEL01
10,23.354422,85.3329,Ranchi,1,33,4.7,RANCHIRES010DEL01
10,30.89286,75.822199,Ludhiana,3,34,4.6,LUDHRES010DEL03
10,21.17106,72.789292,Surat,1,35,4.9,SURRES010DEL01
10,18.539299,73.897902,Pune,1,35,4.6,PUNERES010DEL01
10,10.035573,76.336958,Kochi,2,36,5,KOCRES010DEL02
10,23.266261,77.379605,Bhopal,3,37,4.5,BHPRES010DEL03
10,12.933298,77.614293,Bangalore,3,37,4.6,BANGRES010DEL03
10,13.066762,80.251865,Chennai,3,37,4.2,CHENRES010DEL03
10,23.266261,77.379605,Bhopal,2,38,4.6,BHPRES010DEL02
10,22.538999,88.322337,Kolkata,3,38,4,KOLRES010DEL03
10,22.75004,75.902847,Indore,3,39,4.8,INDORES010DEL03
11,18.533811,73.899315,Pune,2,20,4.8,PUNERES11DEL02
11,11.001753,76.986241,Coimbatore,1,20,4.7,COIMBRES11DEL01
11,15.544419,73.755736,Goa,1,21,4.5,GOARES11DEL01
11,26.474986,80.342796,Kanpur,2,21,4.6,KNPRES11DEL02
11,21.157735,72.768778,Surat,2,21,4.5,SURRES11DEL02
11,26.90294,75.793007,Jaipur,1,22,4.9,JAPRES11DEL01
11,11.001753,76.986241,Coimbatore,3,22,4.9,COIMBRES11DEL03
11,22.577821,88.400581,Kolkata,1,23,4.6,KOLRES11DEL01
11,22.308096,73.167753,Vadodra,1,23,4.8,VADRES11DEL01
11,12.323225,76.630028,Mysore,2,23,4.1,MYSRES11DEL02
11,22.308096,73.167753,Vadodra,3,23,4.7,VADRES11DEL03
11,23.233219,77.433571,Bhopal,1,24,4.6,BHPRES11DEL01
11,17.430448,78.418213,Hyderabad,2,24,4.8,HYDRES11DEL02
11,13.064181,80.236442,Chennai,3,24,4.9,CHENRES11DEL03
11,26.90294,75.793007,Jaipur,3,24,4.8,JAPRES11DEL03
11,15.544419,73.755736,Goa,2,24,4.8,GOARES11DEL02
11,12.323225,76.630028,Mysore,1,24,4.8,MYSRES11DEL01
11,26.90294,75.793007,Jaipur,2,25,4.1,JAPRES11DEL02
11,10.006881,76.345397,Kochi,1,25,4.3,KOCRES11DEL01
11,27.163303,78.057044,Agra,3,26,4.7,AGRRES11DEL03
11,23.233219,77.433571,Bhopal,2,26,4.3,BHPRES11DEL02
11,22.577821,88.400581,Kolkata,2,26,4.6,KOLRES11DEL02
11,27.163303,78.057044,Agra,2,27,4.9,AGRRES11DEL02
11,18.994237,72.825553,Mumbai,1,27,4.6,MUMRES11DEL01
11,22.751234,75.88949,Indore,2,27,5,INDORES11DEL02
11,26.474986,80.342796,Kanpur,1,28,4.8,KNPRES11DEL01
11,22.751234,75.88949,Indore,3,28,4.5,INDORES11DEL03
11,26.474986,80.342796,Kanpur,3,28,4.7,KNPRES11DEL03
11,18.533811,73.899315,Pune,1,29,4.2,PUNERES11DEL01
11,27.163303,78.057044,Agra,1,29,4.7,AGRRES11DEL01
11,23.359194,85.325447,Ranchi,2,29,4.7,RANCHIRES11DEL02
11,21.157735,72.768778,Surat,3,30,4.2,SURRES11DEL03
11,12.934365,77.616155,Bangalore,3,31,4.8,BANGRES11DEL03
11,30.893081,75.821495,Ludhiana,1,31,4.8,LUDHRES11DEL01
11,22.577821,88.400581,Kolkata,3,31,5,KOLRES11DEL03
11,30.893081,75.821495,Ludhiana,3,31,4.2,LUDHRES11DEL03
11,13.064181,80.236442,Chennai,2,32,4.9,CHENRES11DEL02
11,18.994237,72.825553,Mumbai,2,33,4.6,MUMRES11DEL02
11,22.751234,75.88949,Indore,1,33,4.7,INDORES11DEL01
11,12.934365,77.616155,Bangalore,2,33,4.6,BANGRES11DEL02
11,10.006881,76.345397,Kochi,3,33,4.9,KOCRES11DEL03
11,12.323225,76.630028,Mysore,3,34,4.9,MYSRES11DEL03
11,23.359194,85.325447,Ranchi,1,34,4.7,RANCHIRES11DEL01
11,13.064181,80.236442,Chennai,1,34,4.9,CHENRES11DEL01
11,15.544419,73.755736,Goa,3,34,4.8,GOARES11DEL03
11,12.934365,77.616155,Bangalore,1,34,4.7,BANGRES11DEL01
11,10.006881,76.345397,Kochi,2,35,4.8,KOCRES11DEL02
11,23.359194,85.325447,Ranchi,3,35,4.6,RANCHIRES11DEL03
11,18.994237,72.825553,Mumbai,3,35,4.8,MUMRES11DEL03
11,30.893081,75.821495,Ludhiana,2,36,5,LUDHRES11DEL02
11,17.430448,78.418213,Hyderabad,1,36,4.1,HYDRES11DEL01
11,17.430448,78.418213,Hyderabad,3,36,4.6,HYDRES11DEL03
11,21.157735,72.768778,Surat,1,36,4.8,SURRES11DEL01
11,18.533811,73.899315,Pune,3,36,4.5,PUNERES11DEL03
11,22.308096,73.167753,Vadodra,2,37,4.7,VADRES11DEL02
11,23.233219,77.433571,Bhopal,3,39,4.9,BHPRES11DEL03
11,11.001753,76.986241,Coimbatore,2,39,4.7,COIMBRES11DEL02
12,30.893244,75.821817,Ludhiana,1,20,4.7,LUDHRES12DEL01
12,21.183434,72.814492,Surat,1,20,4.8,SURRES12DEL01
12,19.879631,75.323403,Aurangabad,2,21,4.5,AURGRES12DEL02
12,12.939496,77.625999,Bangalore,2,21,4.8,BANGRES12DEL02
12,11.000762,76.981876,Coimbatore,1,21,5,COIMBRES12DEL01
12,17.429585,78.392621,Hyderabad,2,22,4.9,HYDRES12DEL02
12,26.902908,75.792934,Jaipur,3,22,2.9,JAPRES12DEL03
12,21.183434,72.814492,Surat,3,22,4.7,SURRES12DEL03
12,15.516833,73.768172,Goa,1,23,5,GOARES12DEL01
12,11.000762,76.981876,Coimbatore,3,23,4.5,COIMBRES12DEL03
12,26.492106,80.327797,Kanpur,3,23,4.7,KNPRES12DEL03
12,30.893244,75.821817,Ludhiana,2,24,4.8,LUDHRES12DEL02
12,9.988483,76.295211,Kochi,1,24,4.9,KOCRES12DEL01
12,26.902908,75.792934,Jaipur,1,24,4.7,JAPRES12DEL01
12,12.284747,76.625861,Mysore,1,24,4.6,MYSRES12DEL01
12,26.902908,75.792934,Jaipur,2,25,4.9,JAPRES12DEL02
12,18.520016,73.830547,Pune,3,25,4.9,PUNERES12DEL03
12,12.939496,77.625999,Bangalore,1,25,2.7,BANGRES12DEL01
12,22.74806,75.8934,Indore,3,26,4.9,INDORES12DEL03
12,26.492106,80.327797,Kanpur,1,26,4.7,KNPRES12DEL01
12,27.165108,78.015053,Agra,2,26,4.5,AGRRES12DEL02
12,15.516833,73.768172,Goa,2,27,4.7,GOARES12DEL02
12,12.939496,77.625999,Bangalore,3,27,4.9,BANGRES12DEL03
12,12.284747,76.625861,Mysore,3,27,4.8,MYSRES12DEL03
12,22.74806,75.8934,Indore,1,27,4.2,INDORES12DEL01
12,12.972793,80.249982,Chennai,1,28,4.7,CHENRES12DEL01
12,18.520016,73.830547,Pune,2,28,4.9,PUNERES12DEL02
12,17.429585,78.392621,Hyderabad,3,29,4.5,HYDRES12DEL03
12,22.551084,88.354127,Kolkata,3,29,4.6,KOLRES12DEL03
12,22.74806,75.8934,Indore,2,29,4.4,INDORES12DEL02
12,30.893244,75.821817,Ludhiana,3,29,4.8,LUDHRES12DEL03
12,19.207222,72.972281,Mumbai,1,30,4.3,MUMRES12DEL01
12,22.551084,88.354127,Kolkata,1,30,4.5,KOLRES12DEL01
12,9.988483,76.295211,Kochi,2,32,4.3,KOCRES12DEL02
12,25.443994,81.860187,Prayagraj,2,32,4.7,ALHRES12DEL02
12,18.520016,73.830547,Pune,1,32,3.8,PUNERES12DEL01
12,15.516833,73.768172,Goa,3,33,4.8,GOARES12DEL03
12,12.972793,80.249982,Chennai,2,33,4.3,CHENRES12DEL02
12,12.284747,76.625861,Mysore,2,33,3.5,MYSRES12DEL02
12,19.207222,72.972281,Mumbai,2,33,4.5,MUMRES12DEL02
12,19.207222,72.972281,Mumbai,3,34,4.5,MUMRES12DEL03
12,19.879631,75.323403,Aurangabad,3,34,4.8,AURGRES12DEL03
12,22.551084,88.354127,Kolkata,2,35,3.8,KOLRES12DEL02
12,-25.443994,81.860187,Prayagraj,3,35,4.3,ALHRES12DEL03
12,27.165108,78.015053,Agra,1,35,4.9,AGRRES12DEL01
12,19.879631,75.323403,Aurangabad,1,36,4.3,AURGRES12DEL01
12,25.443994,81.860187,Prayagraj,1,36,5,ALHRES12DEL01
12,26.492106,80.327797,Kanpur,2,38,4.9,KNPRES12DEL02
12,21.183434,72.814492,Surat,2,38,4.9,SURRES12DEL02
12,27.165108,78.015053,Agra,3,38,4.8,AGRRES12DEL03
12,17.429585,78.392621,Hyderabad,1,39,3.9,HYDRES12DEL01
12,9.988483,76.295211,Kochi,3,39,4.7,KOCRES12DEL03
12,11.000762,76.981876,Coimbatore,2,39,4.8,COIMBRES12DEL02
12,12.972793,80.249982,Chennai,3,39,4.6,CHENRES12DEL03
13,19.880256,75.323503,Aurangabad,3,20,NaN ,AURGRES13DEL03
13,21.170096,72.789122,Surat,1,20,4.8,SURRES13DEL01
13,30.893234,75.82172,Ludhiana,1,21,4.7,LUDHRES13DEL01
13,15.506205,73.766668,Goa,1,21,4.6,GOARES13DEL01
13,22.310237,73.158921,Vadodra,1,21,4.8,VADRES13DEL01
13,23.230791,77.43702,Bhopal,2,22,4.9,BHPRES13DEL02
13,11.003669,76.976494,Coimbatore,2,22,4.7,COIMBRES13DEL02
13,19.880256,75.323503,Aurangabad,1,23,4.9,AURGRES13DEL01
13,26.481547,80.299775,Kanpur,3,23,4.2,KNPRES13DEL03
13,18.56245,73.916619,Pune,1,23,4.7,PUNERES13DEL01
13,26.846156,75.8023,Jaipur,1,23,4.9,JAPRES13DEL01
13,30.366322,78.070453,Delhi,3,24,4.6,DEHRES13DEL03
13,25.451646,81.832796,Prayagraj,1,24,4.8,ALHRES13DEL01
13,19.880256,75.323503,Aurangabad,2,24,5,AURGRES13DEL02
13,22.745049,75.892471,Indore,3,24,4.6,INDORES13DEL03
13,11.003669,76.976494,Coimbatore,1,24,4.2,COIMBRES13DEL01
13,26.846156,75.8023,Jaipur,2,24,4.7,JAPRES13DEL02
13,22.745049,75.892471,Indore,1,24,4.5,INDORES13DEL01
13,22.553227,88.353273,Kolkata,3,25,4.3,KOLRES13DEL03
13,12.935662,77.61413,Bangalore,1,25,4.6,BANGRES13DEL01
13,22.310237,73.158921,Vadodra,3,26,4.3,VADRES13DEL03
13,27.159795,78.04299,Agra,3,27,4.5,AGRRES13DEL03
13,13.027018,80.254791,Chennai,3,27,4.2,CHENRES13DEL03
13,12.935662,77.61413,Bangalore,2,27,4.8,BANGRES13DEL02
13,26.846156,75.8023,Jaipur,3,27,4,JAPRES13DEL03
13,22.553227,88.353273,Kolkata,2,28,4.8,KOLRES13DEL02
13,30.893234,75.82172,Ludhiana,3,28,5,LUDHRES13DEL03
13,21.170096,72.789122,Surat,2,28,4.7,SURRES13DEL02
13,25.451646,81.832796,Prayagraj,2,28,4.9,ALHRES13DEL02
13,23.374989,85.335486,Ranchi,3,28,4.7,RANCHIRES13DEL03
13,-15.506205,73.766668,Goa,3,29,4.7,GOARES13DEL03
13,30.366322,78.070453,Delhi,2,29,4.7,DEHRES13DEL02
13,19.178321,72.834715,Mumbai,1,29,4.9,MUMRES13DEL01
13,22.310237,73.158921,Vadodra,2,29,4,VADRES13DEL02
13,9.991703,76.293136,Kochi,3,29,4.9,KOCRES13DEL03
13,18.56245,73.916619,Pune,2,30,4.6,PUNERES13DEL02
13,9.991703,76.293136,Kochi,2,31,4.3,KOCRES13DEL02
13,23.230791,77.43702,Bhopal,1,31,4.9,BHPRES13DEL01
13,22.745049,75.892471,Indore,2,31,4.8,INDORES13DEL02
13,23.374989,85.335486,Ranchi,1,31,4.6,RANCHIRES13DEL01
13,19.178321,72.834715,Mumbai,2,32,4.7,MUMRES13DEL02
13,17.431477,78.40035,Hyderabad,2,32,4.4,HYDRES13DEL02
13,19.178321,72.834715,Mumbai,3,33,4.8,MUMRES13DEL03
13,13.027018,80.254791,Chennai,2,33,4.6,CHENRES13DEL02
13,17.431477,78.40035,Hyderabad,3,33,5,HYDRES13DEL03
13,12.310972,76.659264,Mysore,3,34,4.4,MYSRES13DEL03
13,12.935662,77.61413,Bangalore,3,34,4.5,BANGRES13DEL03
13,23.374989,85.335486,Ranchi,2,35,4.7,RANCHIRES13DEL02
13,13.027018,80.254791,Chennai,1,35,4.6,CHENRES13DEL01
13,17.431477,78.40035,Hyderabad,1,35,5,HYDRES13DEL01
13,30.893234,75.82172,Ludhiana,2,36,4.4,LUDHRES13DEL02
13,27.159795,78.04299,Agra,2,36,4.7,AGRRES13DEL02
13,27.159795,78.04299,Agra,1,36,3.8,AGRRES13DEL01
13,9.991703,76.293136,Kochi,1,36,5,KOCRES13DEL01
13,11.003669,76.976494,Coimbatore,3,36,4.9,COIMBRES13DEL03
13,12.310972,76.659264,Mysore,2,36,4.8,MYSRES13DEL02
13,25.451646,81.832796,Prayagraj,3,37,4.9,ALHRES13DEL03
13,23.230791,77.43702,Bhopal,3,39,4.3,BHPRES13DEL03
13,22.553227,88.353273,Kolkata,1,39,4.2,KOLRES13DEL01
13,21.170096,72.789122,Surat,3,39,4.5,SURRES13DEL03
13,12.310972,76.659264,Mysore,1,39,4.8,MYSRES13DEL01
13,18.56245,73.916619,Pune,3,39,4.6,PUNERES13DEL03
13,15.506205,73.766668,Goa,2,39,4.8,GOARES13DEL02
13,26.481547,80.299775,Kanpur,2,39,4.7,KNPRES13DEL02
13,30.366322,78.070453,Delhi,1,50,6,DEHRES13DEL01
14,22.761593,75.886362,Indore,3,20,4.7,INDORES14DEL03
14,17.426228,78.407495,Hyderabad,1,21,4.5,HYDRES14DEL01
14,30.319528,78.040267,Delhi,1,21,5,DEHRES14DEL01
14,13.026279,80.174568,Chennai,3,21,5,CHENRES14DEL03
14,21.157729,72.768726,Surat,1,21,4.5,SURRES14DEL01
14,-15.157944,73.950889,Goa,3,22,5,GOARES14DEL03
14,18.516216,73.842527,Pune,2,22,4.9,PUNERES14DEL02
14,12.949934,77.699386,Bangalore,2,22,4.1,BANGRES14DEL02
14,11.003681,76.975525,Coimbatore,3,23,4.5,COIMBRES14DEL03
14,30.892978,75.821847,Ludhiana,2,24,4.8,LUDHRES14DEL02
14,26.88842,75.800689,Jaipur,1,24,4.8,JAPRES14DEL01
14,25.459775,81.834841,Prayagraj,3,24,4.6,ALHRES14DEL03
14,27.16185,78.040165,Agra,1,25,4.7,AGRRES14DEL01
14,26.463504,80.372929,Kanpur,3,25,5,KNPRES14DEL03
14,22.311603,73.165012,Vadodra,1,25,4.1,VADRES14DEL01
14,30.892978,75.821847,Ludhiana,3,26,4.6,LUDHRES14DEL03
14,22.552996,88.35231,Kolkata,1,26,5,KOLRES14DEL01
14,22.552996,88.35231,Kolkata,2,26,4.8,KOLRES14DEL02
14,19.875016,75.322405,Aurangabad,2,26,4.4,AURGRES14DEL02
14,21.157729,72.768726,Surat,2,27,4.7,SURRES14DEL02
14,30.319528,78.040267,Delhi,2,28,4.1,DEHRES14DEL02
14,26.463504,80.372929,Kanpur,2,28,5,KNPRES14DEL02
14,12.949934,77.699386,Bangalore,3,28,4.8,BANGRES14DEL03
14,17.426228,78.407495,Hyderabad,2,29,5,HYDRES14DEL02
14,26.88842,75.800689,Jaipur,2,29,4.7,JAPRES14DEL02
14,18.516216,73.842527,Pune,1,29,4.7,PUNERES14DEL01
14,10.027014,76.308053,Kochi,3,30,5,KOCRES14DEL03
14,17.426228,78.407495,Hyderabad,3,30,4.9,HYDRES14DEL03
14,22.311603,73.165012,Vadodra,2,30,4.6,VADRES14DEL02
14,10.027014,76.308053,Kochi,1,30,4.6,KOCRES14DEL01
14,27.16185,78.040165,Agra,2,31,5,AGRRES14DEL02
14,25.459775,81.834841,Prayagraj,1,31,4.9,ALHRES14DEL01
14,25.459775,81.834841,Prayagraj,2,32,4.3,ALHRES14DEL02
14,22.761593,75.886362,Indore,1,32,4.6,INDORES14DEL01
14,15.157944,73.950889,Goa,2,32,4.1,GOARES14DEL02
14,26.463504,80.372929,Kanpur,1,32,3.6,KNPRES14DEL01
14,21.157729,72.768726,Surat,3,32,5,SURRES14DEL03
14,18.516216,73.842527,Pune,3,32,4.4,PUNERES14DEL03
14,22.552996,88.35231,Kolkata,3,33,4.8,KOLRES14DEL03
14,27.16185,78.040165,Agra,3,33,4.7,AGRRES14DEL03
14,30.319528,78.040267,Delhi,3,33,4,DEHRES14DEL03
14,11.003681,76.975525,Coimbatore,2,33,4.6,COIMBRES14DEL02
14,26.88842,75.800689,Jaipur,3,33,4.6,JAPRES14DEL03
14,15.157944,73.950889,Goa,1,34,4.7,GOARES14DEL01
14,13.026279,80.174568,Chennai,2,34,4.9,CHENRES14DEL02
14,19.875016,75.322405,Aurangabad,1,34,4.9,AURGRES14DEL01
14,19.1813,72.836191,Mumbai,1,34,4.9,MUMRES14DEL01
14,22.311603,73.165012,Vadodra,3,34,4.6,VADRES14DEL03
14,11.003681,76.975525,Coimbatore,1,35,4.8,COIMBRES14DEL01
14,10.027014,76.308053,Kochi,2,36,4.7,KOCRES14DEL02
14,19.1813,72.836191,Mumbai,2,36,5,MUMRES14DEL02
14,19.1813,72.836191,Mumbai,3,36,5,MUMRES14DEL03
14,30.892978,75.821847,Ludhiana,1,37,4.9,LUDHRES14DEL01
14,12.949934,77.699386,Bangalore,1,37,5,BANGRES14DEL01
14,19.875016,75.322405,Aurangabad,3,38,4.8,AURGRES14DEL03
14,22.761593,75.886362,Indore,2,39,4.2,INDORES14DEL02
14,13.026279,80.174568,Chennai,1,39,4.3,CHENRES14DEL01
15,12.975377,77.696664,Bangalore,1,20,4.5,BANGRES15DEL01
15,26.891191,75.802083,Jaipur,3,20,4.9,JAPRES15DEL03
15,22.552672,88.352885,Kolkata,3,21,4.7,KOLRES15DEL03
15,19.176269,72.836721,Mumbai,1,21,4.8,MUMRES15DEL01
15,11.006686,76.951736,Coimbatore,1,21,5,COIMBRES15DEL01
15,22.760072,75.892574,Indore,2,21,4.7,INDORES15DEL02
15,26.482419,80.320939,Kanpur,3,22,4.7,KNPRES15DEL03
15,18.636215,73.751081,Pune,3,23,4.9,PUNERES15DEL03
15,18.636215,73.751081,Pune,2,24,4.8,PUNERES15DEL02
15,23.234249,77.434007,Bhopal,2,25,4.6,BHPRES15DEL02
15,21.160522,72.771477,Surat,1,25,4.5,SURRES15DEL01
15,12.352058,76.60665,Mysore,1,25,4.7,MYSRES15DEL01
15,25.449872,81.836167,Prayagraj,2,26,4.8,ALHRES15DEL02
15,10.027364,76.308258,Kochi,2,26,4.1,KOCRES15DEL02
15,19.176269,72.836721,Mumbai,3,26,4.6,MUMRES15DEL03
15,22.552672,88.352885,Kolkata,2,27,4.7,KOLRES15DEL02
15,15.51315,73.78346,Goa,2,27,3.3,GOARES15DEL02
15,17.45971,78.368855,Hyderabad,2,27,4.7,HYDRES15DEL02
15,19.878028,75.317475,Aurangabad,2,27,4.4,AURGRES15DEL02
15,19.878028,75.317475,Aurangabad,3,28,4.9,AURGRES15DEL03
15,30.899584,75.809346,Ludhiana,2,28,4.6,LUDHRES15DEL02
15,23.369746,85.33982,Ranchi,1,28,4.8,RANCHIRES15DEL01
15,12.975377,77.696664,Bangalore,3,28,4.6,BANGRES15DEL03
15,11.006686,76.951736,Coimbatore,2,28,4.7,COIMBRES15DEL02
15,22.552672,88.352885,Kolkata,1,29,4.8,KOLRES15DEL01
15,23.369746,85.33982,Ranchi,2,29,4.8,RANCHIRES15DEL02
15,15.51315,73.78346,Goa,1,30,4.6,GOARES15DEL01
15,23.234249,77.434007,Bhopal,3,31,5,BHPRES15DEL03
15,19.878028,75.317475,Aurangabad,1,31,4.8,AURGRES15DEL01
15,25.449872,81.836167,Prayagraj,1,31,4.6,ALHRES15DEL01
15,13.026286,80.275235,Chennai,1,31,4.6,CHENRES15DEL01
15,21.160522,72.771477,Surat,2,32,4.6,SURRES15DEL02
15,13.026286,80.275235,Chennai,2,32,4.4,CHENRES15DEL02
15,26.891191,75.802083,Jaipur,2,32,4.8,JAPRES15DEL02
15,23.369746,85.33982,Ranchi,3,33,4.9,RANCHIRES15DEL03
15,12.352058,76.60665,Mysore,3,33,4.6,MYSRES15DEL03
15,21.160522,72.771477,Surat,3,33,4.2,SURRES15DEL03
15,26.482419,80.320939,Kanpur,2,34,4.8,KNPRES15DEL02
15,30.899584,75.809346,Ludhiana,1,34,4.8,LUDHRES15DEL01
15,17.45971,78.368855,Hyderabad,1,34,4.6,HYDRES15DEL01
15,15.51315,73.78346,Goa,3,34,4.8,GOARES15DEL03
15,12.975377,77.696664,Bangalore,2,34,4.9,BANGRES15DEL02
15,17.45971,78.368855,Hyderabad,3,35,4.7,HYDRES15DEL03
15,22.760072,75.892574,Indore,3,35,4.9,INDORES15DEL03
15,22.760072,75.892574,Indore,1,35,4.9,INDORES15DEL01
15,13.026286,80.275235,Chennai,3,36,4.4,CHENRES15DEL03
15,12.352058,76.60665,Mysore,2,36,4.8,MYSRES15DEL02
15,18.636215,73.751081,Pune,1,36,4,PUNERES15DEL01
15,26.891191,75.802083,Jaipur,1,36,4.7,JAPRES15DEL01
15,10.027364,76.308258,Kochi,1,37,5,KOCRES15DEL01
15,11.006686,76.951736,Coimbatore,3,37,4.6,COIMBRES15DEL03
15,30.899584,75.809346,Ludhiana,3,38,4.1,LUDHRES15DEL03
15,26.482419,80.320939,Kanpur,1,39,4.6,KNPRES15DEL01
15,25.449872,81.836167,Prayagraj,3,39,4.6,ALHRES15DEL03
15,19.176269,72.836721,Mumbai,2,39,4.4,MUMRES15DEL02
16,25.450377,81.834236,Prayagraj,3,21,4.8,ALHRES16DEL03
16,10.003064,76.307589,Kochi,3,22,4.8,KOCRES16DEL03
16,18.536718,73.830327,Pune,2,22,4,PUNERES16DEL02
16,13.029198,77.570997,Bangalore,2,22,4.9,BANGRES16DEL02
16,12.316967,76.603067,Mysore,3,22,4,MYSRES16DEL03
16,26.482581,80.315628,Kanpur,3,23,4.6,KNPRES16DEL03
16,13.049645,80.242268,Chennai,2,23,4.2,CHENRES16DEL02
16,10.003064,76.307589,Kochi,2,23,4.8,KOCRES16DEL02
16,13.049645,80.242268,Chennai,1,23,4.7,CHENRES16DEL01
16,18.536718,73.830327,Pune,3,23,5,PUNERES16DEL03
16,23.371292,85.327872,Ranchi,3,24,4.8,RANCHIRES16DEL03
16,26.849596,75.800512,Jaipur,3,24,4.9,JAPRES16DEL03
16,15.498603,73.826911,Goa,1,24,4.8,GOARES16DEL01
16,17.440827,78.393391,Hyderabad,2,24,4.9,HYDRES16DEL02
16,30.895817,75.813112,Ludhiana,1,25,4,LUDHRES16DEL01
16,21.160437,72.774209,Surat,2,25,4.7,SURRES16DEL02
16,18.536718,73.830327,Pune,1,25,4.7,PUNERES16DEL01
16,30.342509,78.061187,Delhi,2,25,5,DEHRES16DEL02
16,23.371292,85.327872,Ranchi,2,26,4.2,RANCHIRES16DEL02
16,11.010375,76.95295,Coimbatore,2,26,4.2,COIMBRES16DEL02
16,30.342509,78.061187,Delhi,1,27,5,DEHRES16DEL01
16,23.264015,77.408236,Bhopal,1,28,4.7,BHPRES16DEL01
16,19.120083,72.907385,Mumbai,3,28,4.7,MUMRES16DEL03
16,26.849596,75.800512,Jaipur,2,28,4.9,JAPRES16DEL02
16,17.440827,78.393391,Hyderabad,3,28,4.8,HYDRES16DEL03
16,13.029198,77.570997,Bangalore,3,28,4.9,BANGRES16DEL03
16,30.895817,75.813112,Ludhiana,3,29,4.8,LUDHRES16DEL03
16,22.539129,88.365507,Kolkata,2,29,4.7,KOLRES16DEL02
16,23.264015,77.408236,Bhopal,2,29,4.8,BHPRES16DEL02
16,19.120083,72.907385,Mumbai,2,30,5,MUMRES16DEL02
16,-26.482581,80.315628,Kanpur,2,30,4,KNPRES16DEL02
16,26.849596,75.800512,Jaipur,1,30,4.8,JAPRES16DEL01
16,25.450377,81.834236,Prayagraj,2,31,4.8,ALHRES16DEL02
16,13.049645,80.242268,Chennai,3,31,4.8,CHENRES16DEL03
16,17.440827,78.393391,Hyderabad,1,31,4.4,HYDRES16DEL01
16,15.498603,73.826911,Goa,3,32,4.7,GOARES16DEL03
16,21.160437,72.774209,Surat,1,32,4.7,SURRES16DEL01
16,13.029198,77.570997,Bangalore,1,32,4.2,BANGRES16DEL01
16,22.744648,75.894377,Indore,3,33,4.6,INDORES16DEL03
16,23.264015,77.408236,Bhopal,3,33,4.6,BHPRES16DEL03
16,22.744648,75.894377,Indore,2,33,4.8,INDORES16DEL02
16,15.498603,73.826911,Goa,2,34,4.6,GOARES16DEL02
16,10.003064,76.307589,Kochi,1,34,4.5,KOCRES16DEL01
16,25.450377,81.834236,Prayagraj,1,34,4.2,ALHRES16DEL01
16,26.482581,80.315628,Kanpur,1,35,4.7,KNPRES16DEL01
16,12.316967,76.603067,Mysore,2,35,4.2,MYSRES16DEL02
16,23.371292,85.327872,Ranchi,1,35,4.2,RANCHIRES16DEL01
16,19.120083,72.907385,Mumbai,1,36,4.6,MUMRES16DEL01
16,11.010375,76.95295,Coimbatore,1,36,4.6,COIMBRES16DEL01
16,22.539129,88.365507,Kolkata,3,37,4.8,KOLRES16DEL03
16,22.744648,75.894377,Indore,1,38,4.2,INDORES16DEL01
16,21.160437,72.774209,Surat,3,39,4.7,SURRES16DEL03
16,11.010375,76.95295,Coimbatore,3,39,4,COIMBRES16DEL03
16,30.895817,75.813112,Ludhiana,2,39,4.9,LUDHRES16DEL02
17,17.451976,78.385883,Hyderabad,1,20,4.6,HYDRES17DEL01
17,11.026117,76.944652,Coimbatore,1,21,5,COIMBRES17DEL01
17,26.892312,75.806896,Jaipur,3,22,4.8,JAPRES17DEL03
17,9.959778,76.296106,Kochi,3,22,4.6,KOCRES17DEL03
17,15.496162,73.825364,Goa,1,22,4.6,GOARES17DEL01
17,30.893384,75.821202,Ludhiana,1,22,4.8,LUDHRES17DEL01
17,26.892312,75.806896,Jaipur,1,22,4.6,JAPRES17DEL01
17,23.374878,85.335739,Ranchi,2,23,4.5,RANCHIRES17DEL02
17,23.374878,85.335739,Ranchi,3,23,5,RANCHIRES17DEL03
17,17.451976,78.385883,Hyderabad,3,24,4.4,HYDRES17DEL03
17,22.569358,88.433452,Kolkata,2,24,4.6,KOLRES17DEL02
17,11.026117,76.944652,Coimbatore,2,24,4.1,COIMBRES17DEL02
17,19.121999,72.908493,Mumbai,3,25,4.9,MUMRES17DEL03
17,12.972532,77.608179,Bangalore,1,25,4.7,BANGRES17DEL01
17,26.483042,80.317833,Kanpur,3,26,4.7,KNPRES17DEL03
17,27.157772,78.04725,Agra,1,26,4.7,AGRRES17DEL01
17,19.876994,75.372353,Aurangabad,2,26,4.6,AURGRES17DEL02
17,22.761226,75.887522,Indore,2,26,4.8,INDORES17DEL02
17,25.45235,81.841889,Prayagraj,2,26,4.9,ALHRES17DEL02
17,12.972532,77.608179,Bangalore,3,26,4.8,BANGRES17DEL03
17,15.496162,73.825364,Goa,3,26,4.8,GOARES17DEL03
17,17.451976,78.385883,Hyderabad,2,26,4.6,HYDRES17DEL02
17,19.121999,72.908493,Mumbai,1,27,4.9,MUMRES17DEL01
17,13.045479,80.23311,Chennai,2,27,4.5,CHENRES17DEL02
17,19.121999,72.908493,Mumbai,2,27,5,MUMRES17DEL02
17,15.496162,73.825364,Goa,2,28,4.8,GOARES17DEL02
17,23.218998,77.373573,Bhopal,2,28,4.7,BHPRES17DEL02
17,22.569358,88.433452,Kolkata,3,29,4.7,KOLRES17DEL03
17,13.045479,80.23311,Chennai,3,29,4.8,CHENRES17DEL03
17,19.876994,75.372353,Aurangabad,3,30,4.8,AURGRES17DEL03
17,26.483042,80.317833,Kanpur,2,30,5,KNPRES17DEL02
17,25.45235,81.841889,Prayagraj,1,30,3.7,ALHRES17DEL01
17,23.374878,85.335739,Ranchi,1,30,4.7,RANCHIRES17DEL01
17,12.326356,76.619103,Mysore,1,30,3.6,MYSRES17DEL01
17,12.326356,76.619103,Mysore,2,30,4.9,MYSRES17DEL02
17,30.327968,78.046106,Delhi,2,31,4.6,DEHRES17DEL02
17,30.327968,78.046106,Delhi,3,31,4.5,DEHRES17DEL03
17,9.959778,76.296106,Kochi,2,31,4.7,KOCRES17DEL02
17,18.530963,73.828972,Pune,3,31,4.3,PUNERES17DEL03
17,21.149569,72.772697,Surat,2,31,4.7,SURRES17DEL02
17,22.761226,75.887522,Indore,1,31,4.6,INDORES17DEL01
17,30.327968,78.046106,Delhi,1,32,4.7,DEHRES17DEL01
17,13.045479,80.23311,Chennai,1,32,5,CHENRES17DEL01
17,27.157772,78.04725,Agra,2,32,4.8,AGRRES17DEL02
17,23.218998,77.373573,Bhopal,3,32,4.8,BHPRES17DEL03
17,19.876994,75.372353,Aurangabad,1,33,4.6,AURGRES17DEL01
17,30.893384,75.821202,Ludhiana,3,33,4.7,LUDHRES17DEL03
17,9.959778,76.296106,Kochi,1,33,4.6,KOCRES17DEL01
17,22.569358,88.433452,Kolkata,1,34,4.4,KOLRES17DEL01
17,26.892312,75.806896,Jaipur,2,34,4.5,JAPRES17DEL02
17,11.026117,76.944652,Coimbatore,3,34,4.9,COIMBRES17DEL03
17,18.530963,73.828972,Pune,1,35,4.9,PUNERES17DEL01
17,26.483042,80.317833,Kanpur,1,36,4.9,KNPRES17DEL01
17,22.761226,75.887522,Indore,3,37,4.6,INDORES17DEL03
17,12.326356,76.619103,Mysore,3,37,4.6,MYSRES17DEL03
17,12.972532,77.608179,Bangalore,2,37,4.8,BANGRES17DEL02
17,27.157772,78.04725,Agra,3,38,4.8,AGRRES17DEL03
17,23.218998,77.373573,Bhopal,1,39,4.6,BHPRES17DEL01
17,25.45235,81.841889,Prayagraj,3,39,4.4,ALHRES17DEL03
17,30.893384,75.821202,Ludhiana,2,39,4.5,LUDHRES17DEL02
17,21.149569,72.772697,Surat,1,39,4.8,SURRES17DEL01
17,18.530963,73.828972,Pune,2,39,3.9,PUNERES17DEL02
18,27.161694,78.034714,Agra,1,20,4.6,AGRRES18DEL01
18,30.890184,75.829615,Ludhiana,3,20,4.7,LUDHRES18DEL03
18,11.02091,76.940432,Coimbatore,1,21,4.5,COIMBRES18DEL01
18,12.981615,80.231598,Chennai,2,21,4.7,CHENRES18DEL02
18,25.450317,81.831681,Prayagraj,2,22,4.8,ALHRES18DEL02
18,19.888716,75.321461,Aurangabad,1,22,4.7,AURGRES18DEL01
18,19.1093,72.825451,Mumbai,1,22,4.2,MUMRES18DEL01
18,18.593481,73.785901,Pune,3,22,4.8,PUNERES18DEL03
18,11.02091,76.940432,Coimbatore,3,22,4.1,COIMBRES18DEL03
18,21.149834,72.778666,Surat,1,23,4.8,SURRES18DEL01
18,22.753839,75.897429,Indore,3,23,4.8,INDORES18DEL03
18,25.450317,81.831681,Prayagraj,3,23,4.9,ALHRES18DEL03
18,23.234631,77.401663,Bhopal,3,24,4.7,BHPRES18DEL03
18,17.450851,78.379347,Hyderabad,2,24,4.6,HYDRES18DEL02
18,26.474133,80.3481,Kanpur,2,24,4.8,KNPRES18DEL02
18,12.913041,77.683237,Bangalore,2,24,4.9,BANGRES18DEL02
18,23.351489,85.324253,Ranchi,1,24,4.8,RANCHIRES18DEL01
18,23.234631,77.401663,Bhopal,1,25,4.8,BHPRES18DEL01
18,19.1093,72.825451,Mumbai,3,25,4.5,MUMRES18DEL03
18,17.450851,78.379347,Hyderabad,1,25,4.8,HYDRES18DEL01
18,19.888716,75.321461,Aurangabad,2,26,5,AURGRES18DEL02
18,26.913987,75.752891,Jaipur,2,26,4.6,JAPRES18DEL02
18,15.49395,73.827423,Goa,2,27,4.8,GOARES18DEL02
18,9.957144,76.296783,Kochi,1,27,5,KOCRES18DEL01
18,27.161694,78.034714,Agra,3,27,4.9,AGRRES18DEL03
18,9.957144,76.296783,Kochi,2,27,4.9,KOCRES18DEL02
18,27.161694,78.034714,Agra,2,28,4.7,AGRRES18DEL02
18,23.351489,85.324253,Ranchi,3,28,4.8,RANCHIRES18DEL03
18,18.593481,73.785901,Pune,2,28,4.9,PUNERES18DEL02
18,19.1093,72.825451,Mumbai,2,28,5,MUMRES18DEL02
18,18.593481,73.785901,Pune,1,28,4.6,PUNERES18DEL01
18,22.569367,88.433187,Kolkata,1,29,4.7,KOLRES18DEL01
18,12.981615,80.231598,Chennai,1,29,4.5,CHENRES18DEL01
18,26.913987,75.752891,Jaipur,3,29,4.9,JAPRES18DEL03
18,12.913041,77.683237,Bangalore,3,30,4.9,BANGRES18DEL03
18,22.569367,88.433187,Kolkata,2,30,4.2,KOLRES18DEL02
18,26.474133,80.3481,Kanpur,3,31,4.9,KNPRES18DEL03
18,12.913041,77.683237,Bangalore,1,31,4.8,BANGRES18DEL01
18,12.337928,76.617889,Mysore,1,31,4.6,MYSRES18DEL01
18,25.450317,81.831681,Prayagraj,1,31,3.7,ALHRES18DEL01
18,12.981615,80.231598,Chennai,3,32,5,CHENRES18DEL03
18,17.450851,78.379347,Hyderabad,3,32,4.1,HYDRES18DEL03
18,22.569367,88.433187,Kolkata,3,33,4.8,KOLRES18DEL03
18,12.337928,76.617889,Mysore,2,33,4.5,MYSRES18DEL02
18,23.234631,77.401663,Bhopal,2,34,4.2,BHPRES18DEL02
18,30.890184,75.829615,Ludhiana,1,34,4.7,LUDHRES18DEL01
18,15.49395,73.827423,Goa,3,34,4.8,GOARES18DEL03
18,21.149834,72.778666,Surat,3,34,5,SURRES18DEL03
18,21.149834,72.778666,Surat,2,35,4.7,SURRES18DEL02
18,9.957144,76.296783,Kochi,3,35,4.7,KOCRES18DEL03
18,11.02091,76.940432,Coimbatore,2,36,4.9,COIMBRES18DEL02
18,19.888716,75.321461,Aurangabad,3,36,4.8,AURGRES18DEL03
18,23.351489,85.324253,Ranchi,2,36,4.3,RANCHIRES18DEL02
18,22.753839,75.897429,Indore,1,37,5,INDORES18DEL01
18,30.890184,75.829615,Ludhiana,2,38,4.2,LUDHRES18DEL02
18,26.474133,80.3481,Kanpur,1,38,4.6,KNPRES18DEL01
18,12.337928,76.617889,Mysore,3,39,4.8,MYSRES18DEL03
18,22.753839,75.897429,Indore,2,39,4.6,INDORES18DEL02
19,9.960846,76.293936,Kochi,2,20,5,KOCRES19DEL02
19,18.563934,73.915367,Pune,1,20,4.5,PUNERES19DEL01
19,12.914264,77.6784,Bangalore,3,20,4.8,BANGRES19DEL03
19,9.960846,76.293936,Kochi,3,21,4.7,KOCRES19DEL03
19,25.457116,81.859682,Prayagraj,1,21,4.6,ALHRES19DEL01
19,12.914264,77.6784,Bangalore,2,21,4.7,BANGRES19DEL02
19,12.914264,77.6784,Bangalore,1,22,4.6,BANGRES19DEL01
19,19.866969,75.318894,Aurangabad,3,23,4.6,AURGRES19DEL03
19,19.131141,72.813074,Mumbai,1,23,4.8,MUMRES19DEL01
19,19.131141,72.813074,Mumbai,2,24,4.8,MUMRES19DEL02
19,30.372202,78.077151,Delhi,3,25,4.7,DEHRES19DEL03
19,19.866969,75.318894,Aurangabad,1,26,4.8,AURGRES19DEL01
19,26.49095,80.318656,Kanpur,3,26,4.7,KNPRES19DEL03
19,17.458998,78.500366,Hyderabad,2,26,4.6,HYDRES19DEL02
19,23.333017,85.3172,Ranchi,3,27,4.6,RANCHIRES19DEL03
19,22.5491,88.400467,Kolkata,2,28,4.8,KOLRES19DEL02
19,26.913726,75.75282,Jaipur,2,28,4.3,JAPRES19DEL02
19,25.457116,81.859682,Prayagraj,3,29,4.8,ALHRES19DEL03
19,22.745536,75.893106,Indore,2,29,4.7,INDORES19DEL02
19,22.311844,73.165081,Vadodra,3,29,4.8,VADRES19DEL03
19,22.5491,88.400467,Kolkata,3,30,NaN ,KOLRES19DEL03
19,30.902872,75.826808,Ludhiana,2,30,4.4,LUDHRES19DEL02
19,12.986047,80.218114,Chennai,3,30,4.8,CHENRES19DEL03
19,30.372202,78.077151,Delhi,2,31,4.9,DEHRES19DEL02
19,18.563934,73.915367,Pune,2,31,4.7,PUNERES19DEL02
19,12.334022,76.618203,Mysore,3,32,4.6,MYSRES19DEL03
19,30.372202,78.077151,Delhi,1,32,4.7,DEHRES19DEL01
19,21.149669,72.772629,Surat,2,32,4.7,SURRES19DEL02
19,26.49095,80.318656,Kanpur,1,32,4.8,KNPRES19DEL01
19,12.334022,76.618203,Mysore,2,32,4.9,MYSRES19DEL02
19,19.866969,75.318894,Aurangabad,2,33,4.9,AURGRES19DEL02
19,30.902872,75.826808,Ludhiana,1,33,4.8,LUDHRES19DEL01
19,26.913726,75.75282,Jaipur,1,33,4.1,JAPRES19DEL01
19,21.149669,72.772629,Surat,1,33,4.7,SURRES19DEL01
19,25.457116,81.859682,Prayagraj,2,35,4.7,ALHRES19DEL02
19,22.311844,73.165081,Vadodra,1,35,4.7,VADRES19DEL01
19,26.913726,75.75282,Jaipur,3,35,4.2,JAPRES19DEL03
19,17.458998,78.500366,Hyderabad,1,35,5,HYDRES19DEL01
19,12.986047,80.218114,Chennai,2,35,4.8,CHENRES19DEL02
19,22.5491,88.400467,Kolkata,1,35,4.9,KOLRES19DEL01
19,23.333017,85.3172,Ranchi,1,35,5,RANCHIRES19DEL01
19,11.022298,76.998349,Coimbatore,1,36,4.9,COIMBRES19DEL01
19,30.902872,75.826808,Ludhiana,3,37,4.8,LUDHRES19DEL03
19,18.563934,73.915367,Pune,3,37,4,PUNERES19DEL03
19,21.149669,72.772629,Surat,3,37,4.6,SURRES19DEL03
19,17.458998,78.500366,Hyderabad,3,37,4.9,HYDRES19DEL03
19,23.333017,85.3172,Ranchi,2,37,4.6,RANCHIRES19DEL02
19,26.49095,80.318656,Kanpur,2,38,4,KNPRES19DEL02
19,11.022298,76.998349,Coimbatore,3,38,4.8,COIMBRES19DEL03
19,11.022298,76.998349,Coimbatore,2,39,4.9,COIMBRES19DEL02
19,22.745536,75.893106,Indore,3,39,4.7,INDORES19DEL03
19,12.986047,80.218114,Chennai,1,39,4.5,CHENRES19DEL01
19,22.745536,75.893106,Indore,1,39,4.5,INDORES19DEL01
20,26.47,80.35,Kanpur,1,20,4.8,KNPRES20DEL01
20,19.103249,72.846749,Mumbai,1,20,4.7,MUMRES20DEL01
20,12.972161,77.596014,Bangalore,2,21,4.6,BANGRES20DEL02
20,12.337978,76.616792,Mysore,3,21,4.6,MYSRES20DEL03
20,19.103249,72.846749,Mumbai,3,21,4.8,MUMRES20DEL03
20,10.994136,76.963303,Coimbatore,3,22,4.9,COIMBRES20DEL03
20,22.732225,75.874765,Indore,3,22,4.7,INDORES20DEL03
20,27.158822,78.045359,Agra,2,23,4.8,AGRRES20DEL02
20,18.592718,73.773572,Pune,2,23,4.8,PUNERES20DEL02
20,30.885915,75.788259,Ludhiana,3,24,5,LUDHRES20DEL03
20,12.972161,77.596014,Bangalore,3,24,5,BANGRES20DEL03
20,23.39925,85.390464,Ranchi,1,24,4.5,RANCHIRES20DEL01
20,17.483216,78.552111,Hyderabad,1,25,4.7,HYDRES20DEL01
20,22.732225,75.874765,Indore,2,25,4.8,INDORES20DEL02
20,23.235123,77.398886,Bhopal,1,26,4.7,BHPRES20DEL01
20,23.39925,85.390464,Ranchi,3,26,4.1,RANCHIRES20DEL03
20,19.103249,72.846749,Mumbai,2,26,4.5,MUMRES20DEL02
20,9.979186,76.317361,Kochi,1,27,5,KOCRES20DEL01
20,18.592718,73.773572,Pune,1,27,4.2,PUNERES20DEL01
20,30.885915,75.788259,Ludhiana,2,27,4.8,LUDHRES20DEL02
20,12.975996,80.221898,Chennai,2,27,4.9,CHENRES20DEL02
20,25.454697,81.834492,Prayagraj,3,27,5,ALHRES20DEL03
20,23.39925,85.390464,Ranchi,2,28,4.9,RANCHIRES20DEL02
20,22.732225,75.874765,Indore,1,28,4,INDORES20DEL01
20,26.956431,75.776649,Jaipur,2,28,4.9,JAPRES20DEL02
20,25.454697,81.834492,Prayagraj,1,30,4.7,ALHRES20DEL01
20,17.483216,78.552111,Hyderabad,3,30,4,HYDRES20DEL03
20,25.454697,81.834492,Prayagraj,2,30,4.8,ALHRES20DEL02
20,22.311358,73.164798,Vadodra,2,30,4.3,VADRES20DEL02
20,12.972161,77.596014,Bangalore,1,30,4.2,BANGRES20DEL01
20,22.311358,73.164798,Vadodra,3,31,5,VADRES20DEL03
20,22.514119,88.362504,Kolkata,1,32,4.8,KOLRES20DEL01
20,10.994136,76.963303,Coimbatore,1,32,4.5,COIMBRES20DEL01
20,26.956431,75.776649,Jaipur,1,32,4.4,JAPRES20DEL01
20,27.158822,78.045359,Agra,3,33,3.7,AGRRES20DEL03
20,-26.47,80.35,Kanpur,2,33,4.8,KNPRES20DEL02
20,22.311358,73.164798,Vadodra,1,33,5,VADRES20DEL01
20,23.235123,77.398886,Bhopal,3,34,4.8,BHPRES20DEL03
20,9.979186,76.317361,Kochi,3,34,4.6,KOCRES20DEL03
20,27.158822,78.045359,Agra,1,34,4.1,AGRRES20DEL01
20,26.956431,75.776649,Jaipur,3,34,4.7,JAPRES20DEL03
20,30.885915,75.788259,Ludhiana,1,34,4.9,LUDHRES20DEL01
20,9.979186,76.317361,Kochi,2,35,4.6,KOCRES20DEL02
20,21.15276,72.778059,Surat,3,35,4.7,SURRES20DEL03
20,18.592718,73.773572,Pune,3,36,4.4,PUNERES20DEL03
20,22.514119,88.362504,Kolkata,2,36,4.8,KOLRES20DEL02
20,12.337978,76.616792,Mysore,2,37,4.9,MYSRES20DEL02
20,12.337978,76.616792,Mysore,1,37,4.5,MYSRES20DEL01
20,22.514119,88.362504,Kolkata,3,38,4.7,KOLRES20DEL03
20,17.483216,78.552111,Hyderabad,2,38,4.8,HYDRES20DEL02
20,10.994136,76.963303,Coimbatore,2,39,4.4,COIMBRES20DEL02
20,12.975996,80.221898,Chennai,3,39,4.6,CHENRES20DEL03
